device,building,floor,room,type,power,date,from_time,to_time,no_of_people,time_stayed_mins
AC,1,1,,outdoor,2851,2018-01-11,15:00:00,16:00:00,0,5
AC,1,1,106.0,indoor,1742,2018-01-28,17:00:00,18:00:00,6,25
AC,1,1,,outdoor,2867,2018-01-28,20:00:00,21:00:00,4,0
Computer,1,1,,outdoor,322,2018-01-03,11:00:00,12:00:00,3,11
Computer,1,1,,outdoor,391,2018-01-14,22:00:00,23:00:00,7,6
Computer,1,1,102.0,indoor,454,2018-01-20,05:00:00,06:00:00,10,26
Computer,1,1,,outdoor,341,2018-01-21,12:00:00,13:00:00,2,2
Computer,1,1,,outdoor,410,2018-01-25,22:00:00,23:00:00,9,22
Heater,1,1,103.0,indoor,1838,2018-01-18,15:00:00,16:00:00,0,1
Heater,1,1,,outdoor,2893,2018-01-29,11:00:00,12:00:00,0,23
Heater,1,1,104.0,indoor,2663,2018-01-31,12:00:00,13:00:00,0,30
Lights,1,1,106.0,indoor,1261,2018-01-03,17:00:00,18:00:00,1,12
Lights,1,1,101.0,indoor,1369,2018-01-06,02:00:00,03:00:00,3,2
Lights,1,1,106.0,indoor,1921,2018-01-11,10:00:00,11:00:00,0,11
Lights,1,1,107.0,indoor,1971,2018-01-14,12:00:00,13:00:00,3,13
Lights,1,1,104.0,indoor,1604,2018-01-27,15:00:00,16:00:00,8,7
Microwave,1,1,,outdoor,1035,2018-01-09,19:00:00,20:00:00,10,0
Microwave,1,1,,outdoor,1407,2018-01-13,06:00:00,07:00:00,5,21
Microwave,1,1,105.0,indoor,1423,2018-01-20,15:00:00,16:00:00,7,10
Microwave,1,1,104.0,indoor,1285,2018-01-28,22:00:00,23:00:00,7,11
Refridgerator,1,1,,outdoor,262,2018-01-02,19:00:00,20:00:00,7,22
Refridgerator,1,1,,outdoor,138,2018-01-17,12:00:00,13:00:00,9,16
Refridgerator,1,1,,outdoor,240,2018-01-20,20:00:00,21:00:00,10,23
Refridgerator,1,1,103.0,indoor,247,2018-01-22,22:00:00,23:00:00,7,9
Refridgerator,1,1,106.0,indoor,209,2018-01-25,01:00:00,02:00:00,6,2
Refridgerator,1,1,,outdoor,269,2018-01-28,04:00:00,05:00:00,6,17
Television,1,1,106.0,indoor,246,2018-01-11,17:00:00,18:00:00,4,6
Television,1,1,,outdoor,296,2018-01-11,22:00:00,23:00:00,6,23
Television,1,1,,outdoor,254,2018-01-29,10:00:00,11:00:00,8,15
AC,1,2,,outdoor,3056,2018-01-02,11:00:00,12:00:00,8,24
AC,1,2,207.0,indoor,1615,2018-01-14,18:00:00,19:00:00,6,25
AC,1,2,205.0,indoor,1504,2018-01-25,11:00:00,12:00:00,5,30
AC,1,2,205.0,indoor,1146,2018-01-25,18:00:00,19:00:00,0,13
Computer,1,2,204.0,indoor,392,2018-01-05,06:00:00,07:00:00,1,25
Computer,1,2,,outdoor,324,2018-01-08,08:00:00,09:00:00,7,24
Computer,1,2,,outdoor,359,2018-01-10,05:00:00,06:00:00,5,26
Computer,1,2,203.0,indoor,304,2018-01-30,08:00:00,09:00:00,6,3
Heater,1,2,202.0,indoor,2517,2018-01-01,03:00:00,04:00:00,2,1
Heater,1,2,,outdoor,2086,2018-01-10,06:00:00,07:00:00,4,14
Lights,1,2,204.0,indoor,1841,2018-01-05,12:00:00,13:00:00,5,9
Lights,1,2,,outdoor,3003,2018-01-09,21:00:00,22:00:00,8,14
Lights,1,2,207.0,indoor,1832,2018-01-16,19:00:00,20:00:00,3,24
Lights,1,2,202.0,indoor,1197,2018-01-18,05:00:00,06:00:00,2,25
Lights,1,2,203.0,indoor,1933,2018-01-18,22:00:00,23:00:00,4,18
Lights,1,2,,outdoor,2789,2018-01-20,01:00:00,02:00:00,9,8
Lights,1,2,,outdoor,2640,2018-01-26,01:00:00,02:00:00,0,6
Lights,1,2,201.0,indoor,1576,2018-01-31,19:00:00,20:00:00,6,5
Microwave,1,2,202.0,indoor,1248,2018-01-01,05:00:00,06:00:00,6,4
Microwave,1,2,,outdoor,1948,2018-01-05,16:00:00,17:00:00,7,2
Microwave,1,2,,outdoor,1302,2018-01-17,13:00:00,14:00:00,9,8
Microwave,1,2,,outdoor,1173,2018-01-18,07:00:00,08:00:00,10,29
Microwave,1,2,201.0,indoor,1451,2018-01-26,22:00:00,23:00:00,7,27
Refridgerator,1,2,,outdoor,221,2018-01-02,17:00:00,18:00:00,4,17
Refridgerator,1,2,201.0,indoor,205,2018-01-14,01:00:00,02:00:00,5,21
Refridgerator,1,2,202.0,indoor,209,2018-01-21,04:00:00,05:00:00,10,12
Television,1,2,203.0,indoor,271,2018-01-02,12:00:00,13:00:00,8,5
Television,1,2,206.0,indoor,213,2018-01-05,23:00:00,00:00:00,1,27
Television,1,2,205.0,indoor,236,2018-01-08,22:00:00,23:00:00,6,8
Television,1,2,,outdoor,267,2018-01-14,08:00:00,09:00:00,1,21
AC,1,3,,outdoor,2100,2018-01-20,07:00:00,08:00:00,8,19
Computer,1,3,302.0,indoor,426,2018-01-01,08:00:00,09:00:00,5,23
Computer,1,3,303.0,indoor,484,2018-01-25,23:00:00,00:00:00,2,30
Heater,1,3,,outdoor,1595,2018-01-29,04:00:00,05:00:00,7,25
Lights,1,3,302.0,indoor,1081,2018-01-08,01:00:00,02:00:00,4,25
Lights,1,3,,outdoor,3750,2018-01-10,15:00:00,16:00:00,7,21
Lights,1,3,304.0,indoor,1806,2018-01-25,13:00:00,14:00:00,2,5
Microwave,1,3,,outdoor,1151,2018-01-05,17:00:00,18:00:00,2,6
Microwave,1,3,306.0,indoor,1155,2018-01-09,17:00:00,18:00:00,1,14
Microwave,1,3,,outdoor,1288,2018-01-13,05:00:00,06:00:00,0,17
Refridgerator,1,3,305.0,indoor,181,2018-01-03,23:00:00,00:00:00,2,13
Refridgerator,1,3,304.0,indoor,222,2018-01-20,18:00:00,19:00:00,3,19
Refridgerator,1,3,306.0,indoor,120,2018-01-22,23:00:00,00:00:00,3,15
Refridgerator,1,3,305.0,indoor,177,2018-01-24,01:00:00,02:00:00,4,19
Television,1,3,,outdoor,253,2018-01-13,02:00:00,03:00:00,8,1
Television,1,3,301.0,indoor,297,2018-01-14,07:00:00,08:00:00,8,13
Television,1,3,304.0,indoor,268,2018-01-22,21:00:00,22:00:00,1,12
Television,1,3,,outdoor,261,2018-01-30,16:00:00,17:00:00,2,22
AC,1,4,404.0,indoor,1140,2018-01-05,11:00:00,12:00:00,2,19
AC,1,4,403.0,indoor,1469,2018-01-05,21:00:00,22:00:00,9,23
AC,1,4,403.0,indoor,1324,2018-01-11,14:00:00,15:00:00,9,13
AC,1,4,406.0,indoor,1677,2018-01-19,05:00:00,06:00:00,2,30
AC,1,4,,outdoor,4995,2018-01-25,12:00:00,13:00:00,6,6
AC,1,4,,outdoor,4215,2018-01-28,18:00:00,19:00:00,5,26
Computer,1,4,406.0,indoor,411,2018-01-02,10:00:00,11:00:00,6,22
Computer,1,4,,outdoor,317,2018-01-08,14:00:00,15:00:00,6,16
Computer,1,4,407.0,indoor,381,2018-01-14,17:00:00,18:00:00,1,1
Computer,1,4,407.0,indoor,465,2018-01-27,22:00:00,23:00:00,2,11
Heater,1,4,403.0,indoor,2066,2018-01-27,10:00:00,11:00:00,0,22
Lights,1,4,402.0,indoor,1638,2018-01-23,16:00:00,17:00:00,5,2
Lights,1,4,,outdoor,4906,2018-01-28,13:00:00,14:00:00,6,16
Lights,1,4,,outdoor,3703,2018-01-29,18:00:00,19:00:00,9,24
Microwave,1,4,407.0,indoor,1031,2018-01-01,13:00:00,14:00:00,1,7
Microwave,1,4,,outdoor,1378,2018-01-09,03:00:00,04:00:00,8,21
Microwave,1,4,407.0,indoor,1722,2018-01-29,20:00:00,21:00:00,10,22
Refridgerator,1,4,405.0,indoor,104,2018-01-04,23:00:00,00:00:00,6,20
Refridgerator,1,4,,outdoor,150,2018-01-17,04:00:00,05:00:00,9,13
Refridgerator,1,4,403.0,indoor,244,2018-01-20,10:00:00,11:00:00,6,8
Refridgerator,1,4,406.0,indoor,293,2018-01-29,02:00:00,03:00:00,0,0
AC,1,5,,outdoor,3479,2018-01-09,00:00:00,01:00:00,3,23
AC,1,5,,outdoor,3317,2018-01-24,23:00:00,00:00:00,3,26
Computer,1,5,504.0,indoor,333,2018-01-03,22:00:00,23:00:00,8,14
Computer,1,5,,outdoor,305,2018-01-06,06:00:00,07:00:00,4,27
Computer,1,5,507.0,indoor,365,2018-01-10,18:00:00,19:00:00,5,19
Computer,1,5,505.0,indoor,318,2018-01-19,16:00:00,17:00:00,2,3
Heater,1,5,,outdoor,2627,2018-01-02,05:00:00,06:00:00,3,2
Heater,1,5,501.0,indoor,2077,2018-01-03,07:00:00,08:00:00,6,14
Heater,1,5,,outdoor,2019,2018-01-13,00:00:00,01:00:00,10,20
Heater,1,5,504.0,indoor,2708,2018-01-24,10:00:00,11:00:00,4,5
Heater,1,5,,outdoor,2378,2018-01-28,00:00:00,01:00:00,5,10
Lights,1,5,507.0,indoor,1867,2018-01-24,12:00:00,13:00:00,6,23
Lights,1,5,504.0,indoor,1698,2018-01-26,02:00:00,03:00:00,4,0
Microwave,1,5,506.0,indoor,1497,2018-01-04,09:00:00,10:00:00,5,25
Microwave,1,5,,outdoor,1800,2018-01-06,14:00:00,15:00:00,8,19
Microwave,1,5,,outdoor,1841,2018-01-17,20:00:00,21:00:00,6,4
Microwave,1,5,505.0,indoor,1600,2018-01-26,11:00:00,12:00:00,2,14
Refridgerator,1,5,,outdoor,197,2018-01-06,16:00:00,17:00:00,2,22
Refridgerator,1,5,,outdoor,292,2018-01-11,18:00:00,19:00:00,7,2
Refridgerator,1,5,501.0,indoor,288,2018-01-12,07:00:00,08:00:00,6,18
Refridgerator,1,5,,outdoor,237,2018-01-13,23:00:00,00:00:00,8,3
Refridgerator,1,5,502.0,indoor,240,2018-01-16,05:00:00,06:00:00,7,1
Television,1,5,,outdoor,227,2018-01-06,03:00:00,04:00:00,7,12
Television,1,5,,outdoor,238,2018-01-07,10:00:00,11:00:00,7,21
AC,1,6,,outdoor,4049,2018-01-04,02:00:00,03:00:00,2,27
AC,1,6,606.0,indoor,1928,2018-01-08,20:00:00,21:00:00,3,12
AC,1,6,,outdoor,3664,2018-01-20,23:00:00,00:00:00,9,8
AC,1,6,,outdoor,3477,2018-01-24,17:00:00,18:00:00,7,24
Computer,1,6,604.0,indoor,313,2018-01-03,18:00:00,19:00:00,3,11
Computer,1,6,,outdoor,415,2018-01-12,18:00:00,19:00:00,3,9
Computer,1,6,606.0,indoor,324,2018-01-14,16:00:00,17:00:00,1,5
Computer,1,6,607.0,indoor,496,2018-01-18,18:00:00,19:00:00,4,9
Computer,1,6,,outdoor,329,2018-01-20,12:00:00,13:00:00,8,0
Computer,1,6,,outdoor,364,2018-01-26,04:00:00,05:00:00,7,4
Heater,1,6,,outdoor,2956,2018-01-17,17:00:00,18:00:00,5,26
Heater,1,6,,outdoor,2285,2018-01-19,04:00:00,05:00:00,0,28
Heater,1,6,603.0,indoor,2462,2018-01-22,11:00:00,12:00:00,1,28
Lights,1,6,,outdoor,4534,2018-01-01,12:00:00,13:00:00,10,5
Lights,1,6,,outdoor,3456,2018-01-07,22:00:00,23:00:00,10,12
Lights,1,6,,outdoor,3046,2018-01-13,16:00:00,17:00:00,5,22
Microwave,1,6,,outdoor,1122,2018-01-21,15:00:00,16:00:00,0,1
Microwave,1,6,606.0,indoor,1959,2018-01-24,16:00:00,17:00:00,4,21
Microwave,1,6,605.0,indoor,1479,2018-01-26,15:00:00,16:00:00,9,5
Refridgerator,1,6,,outdoor,179,2018-01-04,13:00:00,14:00:00,8,14
Refridgerator,1,6,602.0,indoor,286,2018-01-23,10:00:00,11:00:00,6,30
Refridgerator,1,6,602.0,indoor,139,2018-01-27,21:00:00,22:00:00,2,12
Television,1,6,601.0,indoor,286,2018-01-22,02:00:00,03:00:00,0,21
Television,1,6,,outdoor,251,2018-01-31,02:00:00,03:00:00,8,16
Television,1,6,605.0,indoor,255,2018-01-31,16:00:00,17:00:00,1,24
AC,1,7,,outdoor,3728,2018-01-11,05:00:00,06:00:00,10,9
AC,1,7,,outdoor,2014,2018-01-11,09:00:00,10:00:00,9,27
AC,1,7,706.0,indoor,1611,2018-01-21,23:00:00,00:00:00,0,26
Computer,1,7,,outdoor,474,2018-01-28,14:00:00,15:00:00,1,15
Computer,1,7,702.0,indoor,440,2018-01-31,04:00:00,05:00:00,9,2
Heater,1,7,,outdoor,1814,2018-01-10,22:00:00,23:00:00,10,23
Lights,1,7,707.0,indoor,1027,2018-01-05,09:00:00,10:00:00,0,7
Lights,1,7,701.0,indoor,1851,2018-01-06,12:00:00,13:00:00,0,29
Lights,1,7,,outdoor,4801,2018-01-15,00:00:00,01:00:00,5,18
Lights,1,7,,outdoor,4021,2018-01-16,03:00:00,04:00:00,6,26
Lights,1,7,,outdoor,4563,2018-01-18,10:00:00,11:00:00,9,9
Lights,1,7,,outdoor,4441,2018-01-18,11:00:00,12:00:00,2,16
Lights,1,7,,outdoor,4247,2018-01-20,19:00:00,20:00:00,8,8
Microwave,1,7,,outdoor,1446,2018-01-01,20:00:00,21:00:00,6,9
Microwave,1,7,,outdoor,1789,2018-01-04,10:00:00,11:00:00,0,10
Microwave,1,7,701.0,indoor,1748,2018-01-06,10:00:00,11:00:00,6,30
Microwave,1,7,,outdoor,1968,2018-01-12,11:00:00,12:00:00,7,25
Microwave,1,7,701.0,indoor,1608,2018-01-17,10:00:00,11:00:00,4,26
Microwave,1,7,703.0,indoor,1454,2018-01-20,11:00:00,12:00:00,10,10
Microwave,1,7,701.0,indoor,1140,2018-01-21,05:00:00,06:00:00,6,18
Microwave,1,7,704.0,indoor,1555,2018-01-22,13:00:00,14:00:00,9,23
Microwave,1,7,702.0,indoor,1544,2018-01-24,13:00:00,14:00:00,3,5
Refridgerator,1,7,,outdoor,159,2018-01-05,02:00:00,03:00:00,6,19
Refridgerator,1,7,,outdoor,103,2018-01-21,21:00:00,22:00:00,5,19
Refridgerator,1,7,706.0,indoor,238,2018-01-23,17:00:00,18:00:00,1,17
Television,1,7,,outdoor,212,2018-01-07,00:00:00,01:00:00,5,1
Television,1,7,,outdoor,209,2018-01-16,13:00:00,14:00:00,2,25
Television,1,7,701.0,indoor,264,2018-01-19,15:00:00,16:00:00,9,29
AC,1,8,802.0,indoor,1526,2018-01-18,14:00:00,15:00:00,9,8
AC,1,8,,outdoor,2697,2018-01-21,20:00:00,21:00:00,5,18
AC,1,8,804.0,indoor,1955,2018-01-26,10:00:00,11:00:00,5,27
Computer,1,8,,outdoor,331,2018-01-10,14:00:00,15:00:00,6,6
Computer,1,8,,outdoor,460,2018-01-10,23:00:00,00:00:00,1,26
Computer,1,8,,outdoor,474,2018-01-14,14:00:00,15:00:00,3,11
Computer,1,8,804.0,indoor,363,2018-01-15,15:00:00,16:00:00,0,23
Computer,1,8,,outdoor,344,2018-01-20,22:00:00,23:00:00,8,26
Computer,1,8,805.0,indoor,335,2018-01-26,14:00:00,15:00:00,0,13
Heater,1,8,802.0,indoor,2385,2018-01-15,05:00:00,06:00:00,5,7
Heater,1,8,801.0,indoor,1558,2018-01-16,04:00:00,05:00:00,8,27
Heater,1,8,807.0,indoor,2109,2018-01-28,12:00:00,13:00:00,0,21
Heater,1,8,,outdoor,2431,2018-01-28,19:00:00,20:00:00,9,2
Lights,1,8,,outdoor,2355,2018-01-12,03:00:00,04:00:00,10,27
Lights,1,8,803.0,indoor,1830,2018-01-12,10:00:00,11:00:00,5,27
Lights,1,8,,outdoor,3884,2018-01-14,23:00:00,00:00:00,7,21
Lights,1,8,,outdoor,3540,2018-01-16,00:00:00,01:00:00,1,5
Lights,1,8,,outdoor,4085,2018-01-21,14:00:00,15:00:00,4,22
Lights,1,8,805.0,indoor,1473,2018-01-26,16:00:00,17:00:00,6,27
Microwave,1,8,806.0,indoor,1465,2018-01-16,06:00:00,07:00:00,8,0
Refridgerator,1,8,806.0,indoor,296,2018-01-01,17:00:00,18:00:00,0,2
Refridgerator,1,8,,outdoor,189,2018-01-15,08:00:00,09:00:00,7,7
Refridgerator,1,8,801.0,indoor,275,2018-01-16,01:00:00,02:00:00,2,24
Refridgerator,1,8,,outdoor,101,2018-01-18,00:00:00,01:00:00,5,24
Television,1,8,,outdoor,288,2018-01-04,20:00:00,21:00:00,9,28
Television,1,8,,outdoor,247,2018-01-04,22:00:00,23:00:00,3,10
Television,1,8,801.0,indoor,253,2018-01-11,20:00:00,21:00:00,9,15
Television,1,8,802.0,indoor,223,2018-01-13,03:00:00,04:00:00,1,26
Television,1,8,801.0,indoor,253,2018-01-18,01:00:00,02:00:00,2,24
AC,1,9,,outdoor,2064,2018-01-05,00:00:00,01:00:00,6,17
AC,1,9,,outdoor,2319,2018-01-11,03:00:00,04:00:00,9,12
AC,1,9,901.0,indoor,1728,2018-01-25,19:00:00,20:00:00,7,7
AC,1,9,905.0,indoor,1146,2018-01-29,23:00:00,00:00:00,9,19
Computer,1,9,902.0,indoor,340,2018-01-05,15:00:00,16:00:00,7,2
Computer,1,9,,outdoor,421,2018-01-06,20:00:00,21:00:00,4,15
Computer,1,9,904.0,indoor,425,2018-01-09,01:00:00,02:00:00,4,11
Computer,1,9,905.0,indoor,342,2018-01-09,10:00:00,11:00:00,1,19
Heater,1,9,,outdoor,2329,2018-01-19,07:00:00,08:00:00,9,26
Heater,1,9,,outdoor,1571,2018-01-25,09:00:00,10:00:00,9,2
Heater,1,9,,outdoor,2533,2018-01-30,22:00:00,23:00:00,2,0
Lights,1,9,,outdoor,2226,2018-01-07,08:00:00,09:00:00,5,24
Lights,1,9,,outdoor,4186,2018-01-13,20:00:00,21:00:00,0,12
Lights,1,9,901.0,indoor,1266,2018-01-19,09:00:00,10:00:00,9,22
Lights,1,9,,outdoor,4110,2018-01-29,22:00:00,23:00:00,8,20
Lights,1,9,,outdoor,2720,2018-01-30,07:00:00,08:00:00,2,16
Microwave,1,9,,outdoor,1354,2018-01-28,08:00:00,09:00:00,5,12
Refridgerator,1,9,,outdoor,177,2018-01-02,23:00:00,00:00:00,5,7
Refridgerator,1,9,,outdoor,143,2018-01-04,21:00:00,22:00:00,8,21
Refridgerator,1,9,902.0,indoor,169,2018-01-11,00:00:00,01:00:00,10,7
Refridgerator,1,9,902.0,indoor,153,2018-01-21,03:00:00,04:00:00,10,8
Television,1,9,905.0,indoor,272,2018-01-06,19:00:00,20:00:00,0,5
Television,1,9,,outdoor,260,2018-01-18,23:00:00,00:00:00,8,0
Television,1,9,902.0,indoor,297,2018-01-20,13:00:00,14:00:00,4,13
Television,1,9,,outdoor,298,2018-01-30,11:00:00,12:00:00,4,29
AC,1,10,,outdoor,2961,2018-01-09,22:00:00,23:00:00,8,20
AC,1,10,1002.0,indoor,1124,2018-01-15,09:00:00,10:00:00,5,30
AC,1,10,,outdoor,2883,2018-01-25,14:00:00,15:00:00,0,5
Computer,1,10,,outdoor,449,2018-01-03,19:00:00,20:00:00,8,29
Computer,1,10,1005.0,indoor,435,2018-01-15,03:00:00,04:00:00,5,6
Computer,1,10,1005.0,indoor,436,2018-01-24,20:00:00,21:00:00,9,4
Computer,1,10,1005.0,indoor,398,2018-01-27,16:00:00,17:00:00,1,14
Computer,1,10,1007.0,indoor,429,2018-01-28,16:00:00,17:00:00,7,30
Heater,1,10,1007.0,indoor,2206,2018-01-01,19:00:00,20:00:00,1,14
Lights,1,10,,outdoor,3153,2018-01-03,08:00:00,09:00:00,4,24
Lights,1,10,,outdoor,4364,2018-01-04,11:00:00,12:00:00,10,3
Lights,1,10,1002.0,indoor,1527,2018-01-05,05:00:00,06:00:00,10,17
Lights,1,10,1006.0,indoor,1501,2018-01-24,18:00:00,19:00:00,4,9
Lights,1,10,1003.0,indoor,1521,2018-01-29,01:00:00,02:00:00,6,23
Microwave,1,10,1003.0,indoor,1206,2018-01-06,22:00:00,23:00:00,3,13
Microwave,1,10,1003.0,indoor,1677,2018-01-15,16:00:00,17:00:00,3,6
Microwave,1,10,1006.0,indoor,1985,2018-01-23,22:00:00,23:00:00,3,11
Microwave,1,10,1003.0,indoor,1393,2018-01-25,17:00:00,18:00:00,9,20
Microwave,1,10,,outdoor,1924,2018-01-27,01:00:00,02:00:00,3,9
Refridgerator,1,10,1003.0,indoor,188,2018-01-02,15:00:00,16:00:00,2,24
Refridgerator,1,10,1002.0,indoor,255,2018-01-04,06:00:00,07:00:00,7,24
Refridgerator,1,10,1006.0,indoor,254,2018-01-21,22:00:00,23:00:00,10,7
Refridgerator,1,10,,outdoor,181,2018-01-27,09:00:00,10:00:00,0,27
Television,1,10,1007.0,indoor,255,2018-01-01,18:00:00,19:00:00,9,14
Television,1,10,1001.0,indoor,236,2018-01-02,09:00:00,10:00:00,2,17
Television,1,10,1002.0,indoor,258,2018-01-03,09:00:00,10:00:00,5,11
Television,1,10,,outdoor,261,2018-01-10,00:00:00,01:00:00,0,5
Television,1,10,1003.0,indoor,280,2018-01-16,20:00:00,21:00:00,7,25
Television,1,10,1005.0,indoor,247,2018-01-22,01:00:00,02:00:00,6,6
Television,1,10,,outdoor,220,2018-01-26,05:00:00,06:00:00,10,4
AC,2,1,101.0,indoor,1878,2018-01-06,04:00:00,05:00:00,9,5
AC,2,1,,outdoor,3678,2018-01-17,14:00:00,15:00:00,4,24
AC,2,1,106.0,indoor,1878,2018-01-19,06:00:00,07:00:00,4,13
AC,2,1,,outdoor,2105,2018-01-20,16:00:00,17:00:00,5,20
Computer,2,1,106.0,indoor,307,2018-01-02,07:00:00,08:00:00,4,8
Computer,2,1,103.0,indoor,442,2018-01-14,10:00:00,11:00:00,5,25
Computer,2,1,,outdoor,325,2018-01-19,21:00:00,22:00:00,0,12
Heater,2,1,102.0,indoor,1681,2018-01-04,12:00:00,13:00:00,3,6
Heater,2,1,,outdoor,1527,2018-01-07,14:00:00,15:00:00,9,5
Heater,2,1,102.0,indoor,2010,2018-01-08,00:00:00,01:00:00,2,17
Heater,2,1,,outdoor,2934,2018-01-14,13:00:00,14:00:00,8,30
Heater,2,1,105.0,indoor,1637,2018-01-18,17:00:00,18:00:00,7,0
Lights,2,1,,outdoor,2587,2018-01-10,13:00:00,14:00:00,10,21
Lights,2,1,,outdoor,4403,2018-01-14,06:00:00,07:00:00,3,1
Lights,2,1,,outdoor,2543,2018-01-25,08:00:00,09:00:00,7,23
Microwave,2,1,101.0,indoor,1837,2018-01-23,18:00:00,19:00:00,4,9
Microwave,2,1,107.0,indoor,1419,2018-01-31,01:00:00,02:00:00,6,7
Refridgerator,2,1,,outdoor,195,2018-01-01,23:00:00,00:00:00,8,27
Refridgerator,2,1,102.0,indoor,103,2018-01-07,12:00:00,13:00:00,3,0
Refridgerator,2,1,,outdoor,138,2018-01-26,12:00:00,13:00:00,2,19
Television,2,1,103.0,indoor,280,2018-01-23,21:00:00,22:00:00,2,26
Television,2,1,,outdoor,281,2018-01-29,00:00:00,01:00:00,6,24
Television,2,1,,outdoor,293,2018-01-30,20:00:00,21:00:00,2,2
Television,2,1,,outdoor,216,2018-01-31,23:00:00,00:00:00,2,14
AC,2,2,206.0,indoor,1354,2018-01-02,03:00:00,04:00:00,10,20
AC,2,2,204.0,indoor,1629,2018-01-16,22:00:00,23:00:00,0,8
AC,2,2,206.0,indoor,1657,2018-01-21,00:00:00,01:00:00,10,20
AC,2,2,,outdoor,4977,2018-01-24,14:00:00,15:00:00,7,24
AC,2,2,,outdoor,4233,2018-01-31,18:00:00,19:00:00,4,8
Computer,2,2,206.0,indoor,348,2018-01-09,12:00:00,13:00:00,2,1
Computer,2,2,,outdoor,319,2018-01-23,08:00:00,09:00:00,0,22
Computer,2,2,203.0,indoor,359,2018-01-24,05:00:00,06:00:00,4,1
Computer,2,2,203.0,indoor,406,2018-01-29,07:00:00,08:00:00,3,17
Heater,2,2,,outdoor,1697,2018-01-10,08:00:00,09:00:00,0,25
Lights,2,2,,outdoor,4814,2018-01-07,09:00:00,10:00:00,8,13
Lights,2,2,206.0,indoor,1078,2018-01-08,19:00:00,20:00:00,6,28
Lights,2,2,201.0,indoor,1154,2018-01-15,13:00:00,14:00:00,4,4
Lights,2,2,202.0,indoor,1234,2018-01-26,09:00:00,10:00:00,9,22
Microwave,2,2,201.0,indoor,1063,2018-01-03,01:00:00,02:00:00,7,28
Microwave,2,2,207.0,indoor,1323,2018-01-03,04:00:00,05:00:00,2,14
Microwave,2,2,,outdoor,1811,2018-01-24,22:00:00,23:00:00,4,19
Microwave,2,2,205.0,indoor,1813,2018-01-27,17:00:00,18:00:00,9,23
Refridgerator,2,2,,outdoor,152,2018-01-09,05:00:00,06:00:00,0,14
Refridgerator,2,2,201.0,indoor,232,2018-01-10,12:00:00,13:00:00,0,30
Refridgerator,2,2,205.0,indoor,126,2018-01-19,22:00:00,23:00:00,1,4
Refridgerator,2,2,202.0,indoor,179,2018-01-23,20:00:00,21:00:00,2,8
Refridgerator,2,2,205.0,indoor,216,2018-01-25,06:00:00,07:00:00,8,8
Refridgerator,2,2,204.0,indoor,214,2018-01-28,23:00:00,00:00:00,9,7
Television,2,2,206.0,indoor,216,2018-01-20,04:00:00,05:00:00,6,30
AC,2,3,,outdoor,4378,2018-01-01,11:00:00,12:00:00,2,2
AC,2,3,306.0,indoor,1564,2018-01-06,08:00:00,09:00:00,10,26
AC,2,3,,outdoor,3807,2018-01-21,11:00:00,12:00:00,3,12
Computer,2,3,303.0,indoor,415,2018-01-11,07:00:00,08:00:00,6,23
Computer,2,3,,outdoor,489,2018-01-13,10:00:00,11:00:00,10,19
Computer,2,3,,outdoor,328,2018-01-13,11:00:00,12:00:00,9,1
Computer,2,3,,outdoor,448,2018-01-26,19:00:00,20:00:00,4,2
Computer,2,3,,outdoor,315,2018-01-31,10:00:00,11:00:00,5,27
Heater,2,3,,outdoor,2030,2018-01-19,23:00:00,00:00:00,10,2
Heater,2,3,,outdoor,2653,2018-01-22,07:00:00,08:00:00,7,8
Heater,2,3,303.0,indoor,2075,2018-01-29,16:00:00,17:00:00,6,17
Lights,2,3,,outdoor,4981,2018-01-11,16:00:00,17:00:00,0,26
Lights,2,3,306.0,indoor,1930,2018-01-15,12:00:00,13:00:00,4,22
Microwave,2,3,,outdoor,1705,2018-01-01,07:00:00,08:00:00,0,14
Microwave,2,3,304.0,indoor,1939,2018-01-05,13:00:00,14:00:00,5,29
Microwave,2,3,,outdoor,1466,2018-01-28,09:00:00,10:00:00,8,3
Microwave,2,3,302.0,indoor,1973,2018-01-31,09:00:00,10:00:00,9,27
Refridgerator,2,3,304.0,indoor,124,2018-01-08,04:00:00,05:00:00,2,23
Refridgerator,2,3,302.0,indoor,229,2018-01-21,10:00:00,11:00:00,2,12
Television,2,3,306.0,indoor,223,2018-01-18,16:00:00,17:00:00,6,25
Television,2,3,301.0,indoor,209,2018-01-19,17:00:00,18:00:00,4,13
AC,2,4,402.0,indoor,1917,2018-01-04,07:00:00,08:00:00,8,24
AC,2,4,407.0,indoor,1472,2018-01-15,06:00:00,07:00:00,9,15
AC,2,4,406.0,indoor,1811,2018-01-27,18:00:00,19:00:00,2,2
AC,2,4,403.0,indoor,1318,2018-01-31,06:00:00,07:00:00,10,4
Computer,2,4,407.0,indoor,435,2018-01-07,23:00:00,00:00:00,5,6
Computer,2,4,404.0,indoor,460,2018-01-20,02:00:00,03:00:00,6,5
Computer,2,4,406.0,indoor,430,2018-01-20,09:00:00,10:00:00,3,13
Heater,2,4,,outdoor,2229,2018-01-05,14:00:00,15:00:00,7,27
Heater,2,4,,outdoor,1992,2018-01-21,16:00:00,17:00:00,3,6
Heater,2,4,405.0,indoor,2209,2018-01-21,19:00:00,20:00:00,10,3
Heater,2,4,407.0,indoor,1593,2018-01-22,09:00:00,10:00:00,1,5
Heater,2,4,407.0,indoor,1975,2018-01-23,05:00:00,06:00:00,4,30
Heater,2,4,,outdoor,1539,2018-01-23,11:00:00,12:00:00,7,14
Heater,2,4,403.0,indoor,2763,2018-01-25,05:00:00,06:00:00,5,24
Heater,2,4,,outdoor,2822,2018-01-29,09:00:00,10:00:00,8,25
Lights,2,4,,outdoor,3562,2018-01-01,15:00:00,16:00:00,1,9
Lights,2,4,406.0,indoor,1639,2018-01-17,16:00:00,17:00:00,10,15
Lights,2,4,404.0,indoor,1436,2018-01-20,21:00:00,22:00:00,10,23
Microwave,2,4,,outdoor,1019,2018-01-01,10:00:00,11:00:00,2,2
Microwave,2,4,401.0,indoor,1803,2018-01-05,22:00:00,23:00:00,6,14
Microwave,2,4,406.0,indoor,1230,2018-01-12,01:00:00,02:00:00,5,6
Microwave,2,4,404.0,indoor,1098,2018-01-15,14:00:00,15:00:00,7,16
Microwave,2,4,,outdoor,1447,2018-01-29,14:00:00,15:00:00,8,26
Refridgerator,2,4,,outdoor,186,2018-01-15,19:00:00,20:00:00,0,24
Refridgerator,2,4,,outdoor,202,2018-01-30,19:00:00,20:00:00,1,28
Television,2,4,402.0,indoor,209,2018-01-01,04:00:00,05:00:00,2,21
Television,2,4,,outdoor,206,2018-01-14,09:00:00,10:00:00,5,26
Television,2,4,403.0,indoor,252,2018-01-22,18:00:00,19:00:00,5,15
AC,2,5,,outdoor,4062,2018-01-04,04:00:00,05:00:00,8,12
AC,2,5,505.0,indoor,1592,2018-01-08,12:00:00,13:00:00,0,27
AC,2,5,503.0,indoor,1668,2018-01-12,08:00:00,09:00:00,9,15
AC,2,5,507.0,indoor,1428,2018-01-13,13:00:00,14:00:00,8,18
Computer,2,5,507.0,indoor,373,2018-01-04,15:00:00,16:00:00,3,6
Computer,2,5,,outdoor,476,2018-01-07,20:00:00,21:00:00,7,10
Heater,2,5,502.0,indoor,2555,2018-01-20,00:00:00,01:00:00,7,18
Heater,2,5,506.0,indoor,1848,2018-01-21,08:00:00,09:00:00,2,24
Heater,2,5,,outdoor,2425,2018-01-25,04:00:00,05:00:00,0,0
Heater,2,5,501.0,indoor,1599,2018-01-26,07:00:00,08:00:00,7,22
Lights,2,5,507.0,indoor,1273,2018-01-07,13:00:00,14:00:00,5,28
Lights,2,5,,outdoor,4995,2018-01-13,17:00:00,18:00:00,0,14
Lights,2,5,,outdoor,2665,2018-01-24,04:00:00,05:00:00,10,5
Lights,2,5,,outdoor,2613,2018-01-25,10:00:00,11:00:00,1,20
Lights,2,5,,outdoor,3031,2018-01-28,07:00:00,08:00:00,2,14
Microwave,2,5,,outdoor,1337,2018-01-03,03:00:00,04:00:00,10,13
Microwave,2,5,504.0,indoor,1858,2018-01-18,02:00:00,03:00:00,8,1
Microwave,2,5,502.0,indoor,1068,2018-01-26,00:00:00,01:00:00,7,14
Microwave,2,5,,outdoor,1683,2018-01-29,12:00:00,13:00:00,4,29
Refridgerator,2,5,506.0,indoor,155,2018-01-15,01:00:00,02:00:00,0,27
Refridgerator,2,5,,outdoor,100,2018-01-22,05:00:00,06:00:00,9,22
Refridgerator,2,5,507.0,indoor,172,2018-01-27,19:00:00,20:00:00,10,19
Refridgerator,2,5,,outdoor,182,2018-01-30,17:00:00,18:00:00,0,25
Television,2,5,501.0,indoor,252,2018-01-11,12:00:00,13:00:00,5,19
AC,2,6,604.0,indoor,1428,2018-01-11,19:00:00,20:00:00,1,26
AC,2,6,,outdoor,3565,2018-01-13,14:00:00,15:00:00,7,25
AC,2,6,,outdoor,3181,2018-01-16,02:00:00,03:00:00,3,17
AC,2,6,606.0,indoor,1912,2018-01-19,01:00:00,02:00:00,5,12
AC,2,6,,outdoor,2205,2018-01-19,10:00:00,11:00:00,8,7
Computer,2,6,604.0,indoor,448,2018-01-07,18:00:00,19:00:00,6,10
Computer,2,6,,outdoor,455,2018-01-23,13:00:00,14:00:00,1,10
Computer,2,6,,outdoor,372,2018-01-26,18:00:00,19:00:00,0,9
Computer,2,6,603.0,indoor,325,2018-01-31,08:00:00,09:00:00,1,24
Heater,2,6,604.0,indoor,1871,2018-01-08,13:00:00,14:00:00,5,4
Heater,2,6,,outdoor,2177,2018-01-15,21:00:00,22:00:00,1,13
Heater,2,6,604.0,indoor,2632,2018-01-18,04:00:00,05:00:00,3,21
Lights,2,6,601.0,indoor,1483,2018-01-04,16:00:00,17:00:00,6,17
Lights,2,6,,outdoor,2556,2018-01-05,01:00:00,02:00:00,7,20
Lights,2,6,,outdoor,4090,2018-01-08,17:00:00,18:00:00,3,9
Lights,2,6,,outdoor,3927,2018-01-12,19:00:00,20:00:00,0,18
Lights,2,6,,outdoor,4476,2018-01-15,04:00:00,05:00:00,5,18
Lights,2,6,,outdoor,2471,2018-01-21,17:00:00,18:00:00,8,22
Microwave,2,6,,outdoor,1546,2018-01-09,13:00:00,14:00:00,9,7
Microwave,2,6,,outdoor,1735,2018-01-16,15:00:00,16:00:00,7,27
Microwave,2,6,601.0,indoor,1063,2018-01-22,14:00:00,15:00:00,1,21
Microwave,2,6,601.0,indoor,1625,2018-01-24,21:00:00,22:00:00,3,28
Refridgerator,2,6,,outdoor,263,2018-01-06,01:00:00,02:00:00,7,14
Refridgerator,2,6,604.0,indoor,227,2018-01-31,14:00:00,15:00:00,6,7
Television,2,6,,outdoor,299,2018-01-02,13:00:00,14:00:00,7,2
Television,2,6,604.0,indoor,202,2018-01-08,11:00:00,12:00:00,1,21
Television,2,6,606.0,indoor,263,2018-01-09,08:00:00,09:00:00,5,7
Television,2,6,,outdoor,295,2018-01-11,02:00:00,03:00:00,8,22
Television,2,6,606.0,indoor,211,2018-01-15,22:00:00,23:00:00,2,22
Television,2,6,604.0,indoor,279,2018-01-19,14:00:00,15:00:00,0,8
Television,2,6,601.0,indoor,255,2018-01-22,17:00:00,18:00:00,2,3
AC,2,7,707.0,indoor,1906,2018-01-06,07:00:00,08:00:00,3,27
AC,2,7,,outdoor,3938,2018-01-13,04:00:00,05:00:00,3,4
AC,2,7,706.0,indoor,1999,2018-01-20,06:00:00,07:00:00,3,25
Computer,2,7,,outdoor,357,2018-01-03,00:00:00,01:00:00,10,15
Computer,2,7,707.0,indoor,355,2018-01-26,06:00:00,07:00:00,6,4
Computer,2,7,,outdoor,417,2018-01-29,21:00:00,22:00:00,9,6
Computer,2,7,,outdoor,359,2018-01-30,03:00:00,04:00:00,2,28
Heater,2,7,705.0,indoor,2384,2018-01-12,21:00:00,22:00:00,4,0
Heater,2,7,704.0,indoor,1902,2018-01-21,09:00:00,10:00:00,6,8
Lights,2,7,704.0,indoor,1426,2018-01-04,14:00:00,15:00:00,5,13
Lights,2,7,,outdoor,4956,2018-01-06,00:00:00,01:00:00,1,3
Lights,2,7,703.0,indoor,1244,2018-01-26,21:00:00,22:00:00,6,0
Lights,2,7,,outdoor,4229,2018-01-31,17:00:00,18:00:00,1,5
Microwave,2,7,701.0,indoor,1935,2018-01-01,06:00:00,07:00:00,8,9
Microwave,2,7,707.0,indoor,1302,2018-01-02,14:00:00,15:00:00,6,12
Refridgerator,2,7,,outdoor,125,2018-01-01,21:00:00,22:00:00,5,23
Refridgerator,2,7,704.0,indoor,189,2018-01-02,02:00:00,03:00:00,0,9
Refridgerator,2,7,,outdoor,169,2018-01-09,16:00:00,17:00:00,9,8
Refridgerator,2,7,703.0,indoor,238,2018-01-22,10:00:00,11:00:00,3,0
Television,2,7,,outdoor,213,2018-01-07,11:00:00,12:00:00,0,18
Television,2,7,704.0,indoor,265,2018-01-16,23:00:00,00:00:00,8,6
Television,2,7,705.0,indoor,290,2018-01-22,03:00:00,04:00:00,1,28
Television,2,7,,outdoor,270,2018-01-25,16:00:00,17:00:00,5,11
AC,2,8,801.0,indoor,1070,2018-01-30,21:00:00,22:00:00,4,4
AC,2,8,802.0,indoor,1060,2018-01-31,05:00:00,06:00:00,5,27
Computer,2,8,,outdoor,320,2018-01-15,17:00:00,18:00:00,5,20
Heater,2,8,,outdoor,2783,2018-01-13,15:00:00,16:00:00,5,12
Heater,2,8,,outdoor,2780,2018-01-23,15:00:00,16:00:00,5,11
Lights,2,8,801.0,indoor,1649,2018-01-23,07:00:00,08:00:00,6,18
Lights,2,8,802.0,indoor,1168,2018-01-28,01:00:00,02:00:00,6,6
Microwave,2,8,803.0,indoor,1787,2018-01-22,08:00:00,09:00:00,4,19
Microwave,2,8,804.0,indoor,1533,2018-01-22,20:00:00,21:00:00,0,0
Refridgerator,2,8,,outdoor,243,2018-01-14,20:00:00,21:00:00,7,14
Refridgerator,2,8,803.0,indoor,189,2018-01-18,19:00:00,20:00:00,1,21
Refridgerator,2,8,,outdoor,188,2018-01-23,03:00:00,04:00:00,6,1
Refridgerator,2,8,806.0,indoor,123,2018-01-25,21:00:00,22:00:00,8,25
Television,2,8,,outdoor,287,2018-01-23,14:00:00,15:00:00,10,16
AC,2,9,903.0,indoor,1295,2018-01-16,09:00:00,10:00:00,0,18
Computer,2,9,,outdoor,402,2018-01-11,21:00:00,22:00:00,6,24
Computer,2,9,905.0,indoor,355,2018-01-12,14:00:00,15:00:00,1,26
Computer,2,9,,outdoor,383,2018-01-13,01:00:00,02:00:00,1,21
Computer,2,9,,outdoor,439,2018-01-17,18:00:00,19:00:00,3,12
Computer,2,9,,outdoor,385,2018-01-27,03:00:00,04:00:00,10,2
Heater,2,9,903.0,indoor,2246,2018-01-07,03:00:00,04:00:00,0,18
Heater,2,9,,outdoor,2697,2018-01-12,04:00:00,05:00:00,0,7
Heater,2,9,,outdoor,2724,2018-01-12,22:00:00,23:00:00,8,1
Heater,2,9,,outdoor,1861,2018-01-19,08:00:00,09:00:00,8,9
Lights,2,9,903.0,indoor,1130,2018-01-20,17:00:00,18:00:00,2,1
Lights,2,9,,outdoor,4846,2018-01-30,14:00:00,15:00:00,5,17
Microwave,2,9,,outdoor,1109,2018-01-11,08:00:00,09:00:00,9,27
Microwave,2,9,,outdoor,1117,2018-01-13,07:00:00,08:00:00,4,2
Microwave,2,9,906.0,indoor,1426,2018-01-24,03:00:00,04:00:00,3,22
Microwave,2,9,906.0,indoor,1609,2018-01-27,04:00:00,05:00:00,9,6
Microwave,2,9,906.0,indoor,1108,2018-01-30,13:00:00,14:00:00,6,5
Refridgerator,2,9,906.0,indoor,243,2018-01-19,19:00:00,20:00:00,9,14
Refridgerator,2,9,,outdoor,258,2018-01-22,00:00:00,01:00:00,6,10
Television,2,9,,outdoor,210,2018-01-21,07:00:00,08:00:00,9,20
AC,2,10,1002.0,indoor,1554,2018-01-08,02:00:00,03:00:00,9,4
AC,2,10,,outdoor,4729,2018-01-11,06:00:00,07:00:00,9,12
AC,2,10,1004.0,indoor,1892,2018-01-28,11:00:00,12:00:00,4,11
Computer,2,10,,outdoor,439,2018-01-03,13:00:00,14:00:00,0,29
Computer,2,10,1006.0,indoor,424,2018-01-16,12:00:00,13:00:00,3,25
Computer,2,10,1006.0,indoor,318,2018-01-26,03:00:00,04:00:00,7,29
Computer,2,10,,outdoor,357,2018-01-29,08:00:00,09:00:00,8,23
Computer,2,10,,outdoor,344,2018-01-29,15:00:00,16:00:00,2,28
Computer,2,10,1001.0,indoor,480,2018-01-31,13:00:00,14:00:00,10,5
Heater,2,10,1006.0,indoor,2169,2018-01-18,09:00:00,10:00:00,7,18
Heater,2,10,,outdoor,2164,2018-01-26,17:00:00,18:00:00,8,30
Heater,2,10,1001.0,indoor,2447,2018-01-31,07:00:00,08:00:00,7,16
Lights,2,10,,outdoor,3737,2018-01-02,01:00:00,02:00:00,0,13
Lights,2,10,,outdoor,2132,2018-01-04,08:00:00,09:00:00,4,25
Lights,2,10,1007.0,indoor,1227,2018-01-24,08:00:00,09:00:00,1,13
Microwave,2,10,,outdoor,1753,2018-01-07,07:00:00,08:00:00,7,0
Microwave,2,10,,outdoor,1822,2018-01-25,15:00:00,16:00:00,4,16
Refridgerator,2,10,1007.0,indoor,257,2018-01-06,05:00:00,06:00:00,1,12
Refridgerator,2,10,1006.0,indoor,228,2018-01-12,02:00:00,03:00:00,6,23
Refridgerator,2,10,,outdoor,104,2018-01-16,11:00:00,12:00:00,4,21
Television,2,10,,outdoor,223,2018-01-24,02:00:00,03:00:00,2,30
Television,2,10,,outdoor,253,2018-01-30,05:00:00,06:00:00,10,2
AC,3,1,,outdoor,3033,2018-01-03,15:00:00,16:00:00,3,19
AC,3,1,103.0,indoor,1209,2018-01-04,05:00:00,06:00:00,0,30
AC,3,1,101.0,indoor,1524,2018-01-17,08:00:00,09:00:00,7,8
AC,3,1,102.0,indoor,1051,2018-01-25,02:00:00,03:00:00,10,28
AC,3,1,107.0,indoor,1815,2018-01-25,03:00:00,04:00:00,6,26
Computer,3,1,,outdoor,325,2018-01-06,18:00:00,19:00:00,9,25
Computer,3,1,,outdoor,477,2018-01-07,17:00:00,18:00:00,6,18
Computer,3,1,,outdoor,357,2018-01-12,09:00:00,10:00:00,10,9
Heater,3,1,,outdoor,2703,2018-01-08,06:00:00,07:00:00,10,6
Heater,3,1,,outdoor,2450,2018-01-11,04:00:00,05:00:00,6,1
Heater,3,1,107.0,indoor,2733,2018-01-13,09:00:00,10:00:00,0,29
Heater,3,1,103.0,indoor,2424,2018-01-15,11:00:00,12:00:00,8,6
Lights,3,1,,outdoor,4837,2018-01-10,10:00:00,11:00:00,2,13
Lights,3,1,101.0,indoor,1834,2018-01-10,17:00:00,18:00:00,5,13
Lights,3,1,,outdoor,3872,2018-01-23,02:00:00,03:00:00,1,11
Microwave,3,1,,outdoor,1931,2018-01-06,11:00:00,12:00:00,9,16
Microwave,3,1,103.0,indoor,1900,2018-01-09,11:00:00,12:00:00,10,4
Microwave,3,1,,outdoor,1407,2018-01-12,15:00:00,16:00:00,3,12
Refridgerator,3,1,105.0,indoor,138,2018-01-10,04:00:00,05:00:00,10,15
Refridgerator,3,1,104.0,indoor,279,2018-01-24,15:00:00,16:00:00,3,0
Television,3,1,103.0,indoor,218,2018-01-08,03:00:00,04:00:00,1,20
Television,3,1,105.0,indoor,232,2018-01-10,11:00:00,12:00:00,8,24
Television,3,1,103.0,indoor,279,2018-01-22,04:00:00,05:00:00,10,1
Television,3,1,104.0,indoor,207,2018-01-27,02:00:00,03:00:00,6,0
Television,3,1,,outdoor,237,2018-01-29,06:00:00,07:00:00,6,20
AC,3,2,207.0,indoor,1208,2018-01-01,22:00:00,23:00:00,10,17
AC,3,2,,outdoor,3859,2018-01-08,05:00:00,06:00:00,6,3
AC,3,2,,outdoor,4839,2018-01-18,06:00:00,07:00:00,2,20
AC,3,2,,outdoor,4994,2018-01-22,15:00:00,16:00:00,0,25
AC,3,2,,outdoor,4829,2018-01-31,15:00:00,16:00:00,0,27
Computer,3,2,,outdoor,446,2018-01-07,01:00:00,02:00:00,2,2
Computer,3,2,205.0,indoor,488,2018-01-23,19:00:00,20:00:00,6,17
Heater,3,2,,outdoor,2152,2018-01-02,08:00:00,09:00:00,10,19
Heater,3,2,202.0,indoor,1735,2018-01-08,21:00:00,22:00:00,2,7
Heater,3,2,,outdoor,2556,2018-01-13,12:00:00,13:00:00,0,12
Heater,3,2,201.0,indoor,2573,2018-01-24,06:00:00,07:00:00,9,5
Heater,3,2,201.0,indoor,2018,2018-01-29,17:00:00,18:00:00,9,22
Heater,3,2,,outdoor,2995,2018-01-31,03:00:00,04:00:00,5,30
Lights,3,2,201.0,indoor,1909,2018-01-01,09:00:00,10:00:00,5,26
Lights,3,2,,outdoor,2609,2018-01-17,05:00:00,06:00:00,1,20
Lights,3,2,201.0,indoor,1687,2018-01-20,03:00:00,04:00:00,1,17
Microwave,3,2,203.0,indoor,1455,2018-01-17,01:00:00,02:00:00,7,24
Microwave,3,2,202.0,indoor,1346,2018-01-18,08:00:00,09:00:00,4,24
Microwave,3,2,,outdoor,1022,2018-01-24,11:00:00,12:00:00,10,3
Microwave,3,2,204.0,indoor,1624,2018-01-27,20:00:00,21:00:00,5,21
Refridgerator,3,2,202.0,indoor,245,2018-01-03,06:00:00,07:00:00,2,2
Refridgerator,3,2,204.0,indoor,291,2018-01-10,02:00:00,03:00:00,8,17
Refridgerator,3,2,,outdoor,122,2018-01-24,09:00:00,10:00:00,0,7
Refridgerator,3,2,207.0,indoor,284,2018-01-29,13:00:00,14:00:00,9,4
Television,3,2,,outdoor,218,2018-01-03,14:00:00,15:00:00,2,12
Television,3,2,,outdoor,210,2018-01-08,07:00:00,08:00:00,7,28
Television,3,2,202.0,indoor,217,2018-01-12,12:00:00,13:00:00,5,2
Television,3,2,203.0,indoor,220,2018-01-17,00:00:00,01:00:00,0,29
Television,3,2,,outdoor,219,2018-01-17,15:00:00,16:00:00,3,13
Television,3,2,206.0,indoor,263,2018-01-27,07:00:00,08:00:00,6,24
AC,3,3,304.0,indoor,1166,2018-01-04,18:00:00,19:00:00,1,23
AC,3,3,303.0,indoor,1524,2018-01-14,02:00:00,03:00:00,0,29
AC,3,3,,outdoor,3620,2018-01-19,03:00:00,04:00:00,6,24
AC,3,3,301.0,indoor,1377,2018-01-21,01:00:00,02:00:00,4,12
AC,3,3,,outdoor,2995,2018-01-21,18:00:00,19:00:00,0,27
Computer,3,3,305.0,indoor,349,2018-01-09,07:00:00,08:00:00,10,21
Computer,3,3,303.0,indoor,334,2018-01-14,11:00:00,12:00:00,1,25
Computer,3,3,305.0,indoor,490,2018-01-28,02:00:00,03:00:00,4,29
Computer,3,3,302.0,indoor,337,2018-01-30,12:00:00,13:00:00,8,16
Heater,3,3,,outdoor,1737,2018-01-13,08:00:00,09:00:00,9,24
Lights,3,3,305.0,indoor,1396,2018-01-18,03:00:00,04:00:00,2,22
Microwave,3,3,305.0,indoor,1021,2018-01-02,18:00:00,19:00:00,5,1
Microwave,3,3,,outdoor,1084,2018-01-15,10:00:00,11:00:00,5,18
Microwave,3,3,,outdoor,1664,2018-01-22,06:00:00,07:00:00,3,14
Microwave,3,3,,outdoor,1880,2018-01-25,20:00:00,21:00:00,1,22
Microwave,3,3,,outdoor,1347,2018-01-26,23:00:00,00:00:00,3,8
Refridgerator,3,3,,outdoor,191,2018-01-07,21:00:00,22:00:00,5,2
Refridgerator,3,3,,outdoor,176,2018-01-12,00:00:00,01:00:00,1,19
Refridgerator,3,3,303.0,indoor,253,2018-01-27,08:00:00,09:00:00,3,2
Television,3,3,306.0,indoor,289,2018-01-05,08:00:00,09:00:00,3,7
AC,3,4,,outdoor,2713,2018-01-10,07:00:00,08:00:00,8,22
AC,3,4,407.0,indoor,1173,2018-01-17,06:00:00,07:00:00,10,29
AC,3,4,,outdoor,3948,2018-01-24,07:00:00,08:00:00,0,22
AC,3,4,,outdoor,4161,2018-01-30,00:00:00,01:00:00,9,24
Computer,3,4,404.0,indoor,385,2018-01-05,20:00:00,21:00:00,0,13
Computer,3,4,,outdoor,498,2018-01-07,06:00:00,07:00:00,5,5
Computer,3,4,404.0,indoor,334,2018-01-12,23:00:00,00:00:00,7,30
Heater,3,4,,outdoor,1567,2018-01-12,13:00:00,14:00:00,1,5
Lights,3,4,,outdoor,4962,2018-01-11,13:00:00,14:00:00,3,22
Lights,3,4,,outdoor,4913,2018-01-28,05:00:00,06:00:00,4,10
Microwave,3,4,405.0,indoor,1916,2018-01-01,14:00:00,15:00:00,4,3
Microwave,3,4,,outdoor,1704,2018-01-02,20:00:00,21:00:00,4,23
Microwave,3,4,406.0,indoor,1912,2018-01-09,23:00:00,00:00:00,6,3
Microwave,3,4,403.0,indoor,1833,2018-01-10,20:00:00,21:00:00,8,21
Microwave,3,4,401.0,indoor,1936,2018-01-14,05:00:00,06:00:00,7,12
Microwave,3,4,403.0,indoor,1435,2018-01-25,00:00:00,01:00:00,0,2
Microwave,3,4,407.0,indoor,1398,2018-01-30,18:00:00,19:00:00,3,21
Refridgerator,3,4,,outdoor,167,2018-01-10,16:00:00,17:00:00,1,27
Refridgerator,3,4,,outdoor,145,2018-01-16,07:00:00,08:00:00,7,13
Television,3,4,403.0,indoor,267,2018-01-01,00:00:00,01:00:00,2,22
Television,3,4,404.0,indoor,285,2018-01-12,20:00:00,21:00:00,9,5
Television,3,4,401.0,indoor,270,2018-01-17,22:00:00,23:00:00,7,4
Television,3,4,405.0,indoor,251,2018-01-22,16:00:00,17:00:00,1,26
Television,3,4,402.0,indoor,277,2018-01-23,09:00:00,10:00:00,6,3
AC,3,5,505.0,indoor,1062,2018-01-07,19:00:00,20:00:00,0,12
AC,3,5,502.0,indoor,1663,2018-01-08,10:00:00,11:00:00,4,5
AC,3,5,501.0,indoor,1069,2018-01-09,06:00:00,07:00:00,4,28
AC,3,5,501.0,indoor,1090,2018-01-17,03:00:00,04:00:00,6,16
AC,3,5,,outdoor,3112,2018-01-17,09:00:00,10:00:00,6,21
AC,3,5,,outdoor,3015,2018-01-19,12:00:00,13:00:00,9,10
AC,3,5,507.0,indoor,1106,2018-01-28,03:00:00,04:00:00,6,10
Computer,3,5,,outdoor,477,2018-01-01,02:00:00,03:00:00,4,0
Computer,3,5,,outdoor,340,2018-01-08,09:00:00,10:00:00,10,22
Computer,3,5,,outdoor,436,2018-01-11,01:00:00,02:00:00,5,1
Computer,3,5,,outdoor,407,2018-01-11,11:00:00,12:00:00,4,13
Computer,3,5,503.0,indoor,461,2018-01-14,21:00:00,22:00:00,9,3
Computer,3,5,,outdoor,471,2018-01-16,21:00:00,22:00:00,5,9
Computer,3,5,505.0,indoor,461,2018-01-28,06:00:00,07:00:00,9,10
Heater,3,5,,outdoor,1738,2018-01-05,04:00:00,05:00:00,8,23
Heater,3,5,,outdoor,1784,2018-01-17,07:00:00,08:00:00,6,29
Heater,3,5,504.0,indoor,1688,2018-01-31,22:00:00,23:00:00,8,6
Lights,3,5,,outdoor,2950,2018-01-09,15:00:00,16:00:00,8,12
Lights,3,5,504.0,indoor,1357,2018-01-15,18:00:00,19:00:00,1,1
Lights,3,5,,outdoor,2410,2018-01-16,18:00:00,19:00:00,8,21
Lights,3,5,507.0,indoor,1390,2018-01-23,04:00:00,05:00:00,2,13
Microwave,3,5,507.0,indoor,1468,2018-01-03,10:00:00,11:00:00,7,3
Microwave,3,5,504.0,indoor,1727,2018-01-04,01:00:00,02:00:00,9,3
Microwave,3,5,,outdoor,1166,2018-01-30,09:00:00,10:00:00,5,17
Refridgerator,3,5,,outdoor,258,2018-01-10,01:00:00,02:00:00,3,27
Refridgerator,3,5,,outdoor,171,2018-01-19,13:00:00,14:00:00,0,13
Refridgerator,3,5,,outdoor,116,2018-01-27,00:00:00,01:00:00,2,19
Television,3,5,501.0,indoor,273,2018-01-03,05:00:00,06:00:00,3,26
Television,3,5,507.0,indoor,244,2018-01-09,09:00:00,10:00:00,3,9
Television,3,5,,outdoor,295,2018-01-14,03:00:00,04:00:00,2,30
Television,3,5,,outdoor,251,2018-01-16,17:00:00,18:00:00,8,1
Television,3,5,505.0,indoor,236,2018-01-29,05:00:00,06:00:00,5,10
AC,3,6,602.0,indoor,1799,2018-01-09,04:00:00,05:00:00,6,20
AC,3,6,,outdoor,2335,2018-01-16,10:00:00,11:00:00,2,27
AC,3,6,,outdoor,3000,2018-01-28,21:00:00,22:00:00,10,23
Computer,3,6,604.0,indoor,320,2018-01-07,02:00:00,03:00:00,2,3
Computer,3,6,,outdoor,312,2018-01-08,18:00:00,19:00:00,9,16
Computer,3,6,,outdoor,417,2018-01-24,19:00:00,20:00:00,10,18
Computer,3,6,,outdoor,492,2018-01-29,19:00:00,20:00:00,10,16
Heater,3,6,606.0,indoor,2652,2018-01-02,00:00:00,01:00:00,7,17
Heater,3,6,,outdoor,2187,2018-01-02,04:00:00,05:00:00,4,14
Heater,3,6,606.0,indoor,1574,2018-01-09,20:00:00,21:00:00,0,25
Heater,3,6,604.0,indoor,2886,2018-01-10,09:00:00,10:00:00,7,26
Heater,3,6,604.0,indoor,2422,2018-01-17,02:00:00,03:00:00,0,3
Heater,3,6,605.0,indoor,2339,2018-01-23,01:00:00,02:00:00,2,28
Heater,3,6,607.0,indoor,2998,2018-01-23,23:00:00,00:00:00,1,17
Lights,3,6,606.0,indoor,1139,2018-01-17,21:00:00,22:00:00,9,16
Lights,3,6,,outdoor,2366,2018-01-18,13:00:00,14:00:00,5,13
Lights,3,6,,outdoor,2227,2018-01-27,11:00:00,12:00:00,4,23
Lights,3,6,602.0,indoor,1842,2018-01-31,11:00:00,12:00:00,9,0
Microwave,3,6,605.0,indoor,1891,2018-01-06,13:00:00,14:00:00,1,23
Microwave,3,6,606.0,indoor,1608,2018-01-09,14:00:00,15:00:00,10,15
Microwave,3,6,,outdoor,1665,2018-01-27,14:00:00,15:00:00,6,2
Refridgerator,3,6,603.0,indoor,259,2018-01-03,02:00:00,03:00:00,0,17
Refridgerator,3,6,601.0,indoor,230,2018-01-03,21:00:00,22:00:00,0,20
Refridgerator,3,6,,outdoor,133,2018-01-05,19:00:00,20:00:00,0,7
Refridgerator,3,6,,outdoor,276,2018-01-19,20:00:00,21:00:00,6,21
Refridgerator,3,6,,outdoor,217,2018-01-23,12:00:00,13:00:00,0,4
Refridgerator,3,6,602.0,indoor,277,2018-01-29,03:00:00,04:00:00,3,20
Television,3,6,602.0,indoor,280,2018-01-05,03:00:00,04:00:00,1,20
AC,3,7,,outdoor,3702,2018-01-05,10:00:00,11:00:00,7,10
Computer,3,7,,outdoor,467,2018-01-03,20:00:00,21:00:00,3,29
Computer,3,7,706.0,indoor,337,2018-01-15,07:00:00,08:00:00,5,5
Computer,3,7,,outdoor,364,2018-01-17,19:00:00,20:00:00,2,22
Computer,3,7,,outdoor,300,2018-01-19,11:00:00,12:00:00,9,3
Heater,3,7,,outdoor,2714,2018-01-03,16:00:00,17:00:00,5,24
Heater,3,7,,outdoor,2007,2018-01-04,17:00:00,18:00:00,2,14
Heater,3,7,707.0,indoor,1857,2018-01-12,16:00:00,17:00:00,0,16
Lights,3,7,707.0,indoor,1588,2018-01-05,18:00:00,19:00:00,10,20
Lights,3,7,707.0,indoor,1308,2018-01-18,12:00:00,13:00:00,0,28
Lights,3,7,,outdoor,3922,2018-01-30,23:00:00,00:00:00,10,3
Microwave,3,7,,outdoor,1495,2018-01-04,03:00:00,04:00:00,6,18
Microwave,3,7,707.0,indoor,1703,2018-01-07,15:00:00,16:00:00,6,25
Microwave,3,7,702.0,indoor,1457,2018-01-10,03:00:00,04:00:00,8,14
Microwave,3,7,,outdoor,1516,2018-01-10,21:00:00,22:00:00,0,23
Microwave,3,7,,outdoor,1156,2018-01-13,18:00:00,19:00:00,6,24
Microwave,3,7,,outdoor,1119,2018-01-14,15:00:00,16:00:00,8,11
Microwave,3,7,,outdoor,1635,2018-01-14,19:00:00,20:00:00,10,30
Microwave,3,7,707.0,indoor,1934,2018-01-27,12:00:00,13:00:00,0,21
Microwave,3,7,703.0,indoor,1624,2018-01-30,01:00:00,02:00:00,5,26
Refridgerator,3,7,702.0,indoor,240,2018-01-02,21:00:00,22:00:00,9,30
Refridgerator,3,7,706.0,indoor,102,2018-01-05,07:00:00,08:00:00,2,29
Refridgerator,3,7,,outdoor,140,2018-01-17,23:00:00,00:00:00,6,24
Refridgerator,3,7,706.0,indoor,183,2018-01-31,20:00:00,21:00:00,2,22
Television,3,7,706.0,indoor,246,2018-01-02,22:00:00,23:00:00,7,23
Television,3,7,701.0,indoor,255,2018-01-06,09:00:00,10:00:00,6,28
Television,3,7,,outdoor,295,2018-01-07,05:00:00,06:00:00,10,12
Television,3,7,703.0,indoor,234,2018-01-22,12:00:00,13:00:00,3,9
AC,3,8,,outdoor,3634,2018-01-08,16:00:00,17:00:00,10,16
AC,3,8,,outdoor,4122,2018-01-12,05:00:00,06:00:00,8,9
Heater,3,8,,outdoor,2074,2018-01-01,16:00:00,17:00:00,1,5
Heater,3,8,,outdoor,2755,2018-01-04,19:00:00,20:00:00,0,15
Heater,3,8,,outdoor,1663,2018-01-15,23:00:00,00:00:00,5,27
Heater,3,8,,outdoor,1656,2018-01-16,08:00:00,09:00:00,10,20
Heater,3,8,,outdoor,2512,2018-01-31,21:00:00,22:00:00,5,8
Lights,3,8,,outdoor,4029,2018-01-03,12:00:00,13:00:00,4,2
Lights,3,8,,outdoor,2968,2018-01-06,23:00:00,00:00:00,1,17
Lights,3,8,,outdoor,4619,2018-01-12,06:00:00,07:00:00,8,25
Lights,3,8,807.0,indoor,1003,2018-01-15,02:00:00,03:00:00,0,3
Lights,3,8,,outdoor,2969,2018-01-18,20:00:00,21:00:00,8,28
Lights,3,8,,outdoor,4286,2018-01-20,08:00:00,09:00:00,10,29
Microwave,3,8,806.0,indoor,1666,2018-01-06,15:00:00,16:00:00,2,15
Microwave,3,8,803.0,indoor,1477,2018-01-09,18:00:00,19:00:00,9,16
Microwave,3,8,,outdoor,1123,2018-01-18,21:00:00,22:00:00,10,10
Microwave,3,8,,outdoor,1638,2018-01-30,06:00:00,07:00:00,5,12
Refridgerator,3,8,801.0,indoor,239,2018-01-02,06:00:00,07:00:00,9,30
Refridgerator,3,8,801.0,indoor,174,2018-01-28,15:00:00,16:00:00,6,26
Television,3,8,,outdoor,213,2018-01-06,21:00:00,22:00:00,9,24
Television,3,8,801.0,indoor,217,2018-01-20,14:00:00,15:00:00,0,26
AC,3,9,906.0,indoor,1750,2018-01-08,23:00:00,00:00:00,6,19
AC,3,9,,outdoor,2744,2018-01-13,22:00:00,23:00:00,4,29
AC,3,9,,outdoor,2167,2018-01-19,02:00:00,03:00:00,0,4
AC,3,9,,outdoor,3881,2018-01-27,06:00:00,07:00:00,6,1
AC,3,9,901.0,indoor,1201,2018-01-27,23:00:00,00:00:00,1,9
Computer,3,9,,outdoor,333,2018-01-09,02:00:00,03:00:00,8,13
Computer,3,9,,outdoor,306,2018-01-11,23:00:00,00:00:00,3,17
Computer,3,9,906.0,indoor,332,2018-01-14,04:00:00,05:00:00,6,17
Computer,3,9,903.0,indoor,310,2018-01-26,08:00:00,09:00:00,5,29
Computer,3,9,,outdoor,416,2018-01-31,00:00:00,01:00:00,8,23
Lights,3,9,907.0,indoor,1062,2018-01-30,15:00:00,16:00:00,8,12
Microwave,3,9,901.0,indoor,1343,2018-01-02,16:00:00,17:00:00,9,25
Microwave,3,9,,outdoor,1828,2018-01-07,16:00:00,17:00:00,5,6
Microwave,3,9,904.0,indoor,1757,2018-01-08,15:00:00,16:00:00,8,11
Microwave,3,9,901.0,indoor,1859,2018-01-21,02:00:00,03:00:00,7,21
Microwave,3,9,,outdoor,1568,2018-01-27,05:00:00,06:00:00,4,6
Refridgerator,3,9,901.0,indoor,278,2018-01-13,19:00:00,20:00:00,5,10
Refridgerator,3,9,,outdoor,246,2018-01-14,00:00:00,01:00:00,7,2
Refridgerator,3,9,,outdoor,219,2018-01-19,18:00:00,19:00:00,6,24
Refridgerator,3,9,906.0,indoor,215,2018-01-26,20:00:00,21:00:00,8,8
Refridgerator,3,9,907.0,indoor,284,2018-01-30,02:00:00,03:00:00,3,1
Television,3,9,903.0,indoor,202,2018-01-10,19:00:00,20:00:00,8,26
Television,3,9,,outdoor,263,2018-01-12,17:00:00,18:00:00,0,20
Television,3,9,903.0,indoor,275,2018-01-25,07:00:00,08:00:00,2,7
AC,3,10,1004.0,indoor,1467,2018-01-21,06:00:00,07:00:00,9,11
AC,3,10,1002.0,indoor,1561,2018-01-22,19:00:00,20:00:00,3,26
Computer,3,10,,outdoor,345,2018-01-30,10:00:00,11:00:00,8,2
Heater,3,10,,outdoor,2693,2018-01-04,00:00:00,01:00:00,0,14
Heater,3,10,1002.0,indoor,2336,2018-01-06,17:00:00,18:00:00,2,29
Heater,3,10,,outdoor,1879,2018-01-17,11:00:00,12:00:00,8,2
Heater,3,10,,outdoor,2264,2018-01-23,06:00:00,07:00:00,10,25
Heater,3,10,1004.0,indoor,1647,2018-01-28,10:00:00,11:00:00,3,0
Lights,3,10,1007.0,indoor,1612,2018-01-01,01:00:00,02:00:00,1,28
Lights,3,10,1002.0,indoor,1019,2018-01-23,00:00:00,01:00:00,2,29
Lights,3,10,1004.0,indoor,1254,2018-01-27,13:00:00,14:00:00,6,11
Lights,3,10,,outdoor,4452,2018-01-30,04:00:00,05:00:00,3,26
Microwave,3,10,,outdoor,1147,2018-01-07,04:00:00,05:00:00,6,18
Microwave,3,10,1002.0,indoor,1610,2018-01-16,16:00:00,17:00:00,9,10
Microwave,3,10,,outdoor,1465,2018-01-26,13:00:00,14:00:00,2,27
Refridgerator,3,10,,outdoor,235,2018-01-13,21:00:00,22:00:00,0,17
Refridgerator,3,10,,outdoor,253,2018-01-15,20:00:00,21:00:00,6,29
Refridgerator,3,10,,outdoor,145,2018-01-19,00:00:00,01:00:00,8,17
Refridgerator,3,10,,outdoor,260,2018-01-21,13:00:00,14:00:00,1,28
Refridgerator,3,10,1003.0,indoor,292,2018-01-24,00:00:00,01:00:00,3,5
Television,3,10,1007.0,indoor,298,2018-01-16,14:00:00,15:00:00,2,10
